<?xml version="1.0" encoding="UTF-8" ?>
<document>
<!--The data in this file is primarily intended for consumption by Xilinx tools.
The structure and the elements are likely to change over the next few releases.
This means code written to parse this file will need to be revisited each subsequent release.-->
<application name="pa" timeStamp="Thu Dec 05 17:00:39 2024">
<section name="Project Information" visible="false">
<property name="ProjectID" value="dded9ad4c56d4b38beb3274868b78926" type="ProjectID"/>
<property name="ProjectIteration" value="1" type="ProjectIteration"/>
</section>
<section name="PlanAhead Usage" visible="true">
<item name="Project Data">
<property name="SrcSetCount" value="1" type="SrcSetCount"/>
<property name="ConstraintSetCount" value="1" type="ConstraintSetCount"/>
<property name="DesignMode" value="RTL" type="DesignMode"/>
<property name="SynthesisStrategy" value="Vivado Synthesis Defaults" type="SynthesisStrategy"/>
<property name="ImplStrategy" value="Vivado Implementation Defaults" type="ImplStrategy"/>
</item>
<item name="Java Command Handlers">
<property name="AddSources" value="1" type="JavaHandler"/>
<property name="NewProject" value="1" type="JavaHandler"/>
<property name="ViewTaskRTLAnalysis" value="1" type="JavaHandler"/>
</item>
<item name="Gui Resources Info">
<property name="FINISH, Finish" value="2" type="GuiResourceData"/>
<property name="NEXT, Next " value="8" type="GuiResourceData"/>
<property name="PAResourceAtoD.CreateSrcFileDialog_FILE_NAME, climate_control" value="1" type="GuiResourceData"/>
<property name="PAResourceCommand.PACommandNames_ADD_SOURCES, Add Sources..." value="1" type="GuiResourceData"/>
<property name="PAResourceCommand.PACommandNames_AUTO_UPDATE_HIER, Hierarchy Update" value="1" type="GuiResourceData"/>
<property name="PAResourceEtoH.FileSetPanel_FILE_SET_PANEL_TREE, [root, Design Sources, climate_control (climate_control.v" value="6" type="GuiResourceData"/>
<property name="PAResourceEtoH.FileSetPanel_FILE_SET_PANEL_TREE, [root, Design Sources], 0, false" value="1" type="GuiResourceData"/>
<property name="PAResourceEtoH.FileSetPanel_FILE_SET_PANEL_TREE, [root, Design Sources], 0, false, false, false, false, true, false" value="1" type="GuiResourceData"/>
<property name="PAResourceEtoH.FlowNavigatorTreePanel_FLOW_NAVIGATOR_TREE, [, RTL Analysis, Open Elaborated Design], 14, true" value="1" type="GuiResourceData"/>
<property name="PAResourceEtoH.GettingStartedView_CREATE_NEW_PROJECT, Create New Project" value="1" type="GuiResourceData"/>
<property name="PAResourceOtoP.PAViews_SCHEMATIC, Schematic" value="1" type="GuiResourceData"/>
<property name="PAResourceOtoP.PartChooser_FAMILY_CHOOSER, Artix-7, 1" value="1" type="GuiResourceData"/>
<property name="PAResourceOtoP.PartChooser_PARTS, xc7a35tcpg236-1 ; 236 ; 50 ; 90 ; 41600 ; 2 ; 2 ; 106 ; 20800 ; 5 ; 1 ; 85 ; 0 ; 85 ; C ; 1.05 ; 0.95 ; 0.95, 1, xc7a35tcpg236-1, 0" value="1" type="GuiResourceData"/>
<property name="PAResourceOtoP.PartChooser_PART_PACKAGE_CHOOSER, cpg236, 1" value="1" type="GuiResourceData"/>
<property name="PAResourceOtoP.PartChooser_PART_SPEED_CHOOSER, -1, 1" value="1" type="GuiResourceData"/>
<property name="PAResourceOtoP.PartChooser_TEMP_CHOOSER, C, 1" value="1" type="GuiResourceData"/>
<property name="PAResourceOtoP.ProjectNameChooser_PROJECT_NAME, assignment3climate_control_Dataflow_model" value="1" type="GuiResourceData"/>
<property name="PAResourceQtoS.SrcChooserPanel_CREATE_FILE, Create File" value="2" type="GuiResourceData"/>
<property name="PAResourceQtoS.SrcMenu_IP_HIERARCHY, IP Hierarchy" value="1" type="GuiResourceData"/>
<property name="RDIResource.BaseDialog_CANCEL, Cancel" value="1" type="GuiResourceData"/>
<property name="RDIResource.BaseDialog_OK, OK" value="2" type="GuiResourceData"/>
<property name="climate_control.v, 108, 370" value="1" type="GuiResourceData"/>
</item>
<item name="Other">
<property name="GuiMode" value="68" type="GuiMode"/>
<property name="BatchMode" value="0" type="BatchMode"/>
<property name="TclMode" value="56" type="TclMode"/>
</item>
</section>
</application>
</document>
